{
  "train": {
    "accuracy": 0.994873109459113,
    "precision": 0.9718574108818011,
    "recall": 0.9904397705544933,
    "f1": 0.9810606060606061,
    "roc_auc": 0.999544063657883,
    "confusion_matrix": [
      [
        3363,
        15
      ],
      [
        5,
        518
      ]
    ]
  },
  "val": {
    "accuracy": 0.9892344497607656,
    "precision": 0.9478260869565217,
    "recall": 0.9732142857142857,
    "f1": 0.960352422907489,
    "roc_auc": 0.9971635753749013,
    "confusion_matrix": [
      [
        718,
        6
      ],
      [
        3,
        109
      ]
    ]
  },
  "test": {
    "accuracy": 0.982078853046595,
    "precision": 0.944954128440367,
    "recall": 0.9196428571428571,
    "f1": 0.9321266968325792,
    "roc_auc": 0.9894827586206896,
    "confusion_matrix": [
      [
        719,
        6
      ],
      [
        9,
        103
      ]
    ]
  }
}